Algorithm,MSE,PSNR,SSIM,TIME
"before-denoising",452.435568397039,25.1106764736643,0.193623078774069,0
"BM3D",1529.91253241757,26.1912218779386,0.210309395945428,5.9710203
