Algorithm,MSE,PSNR,SSIM,TIME
"before-denoising",447.701799376937,25.1655502166533,0.190574360094076,0
"BM3D",2296.50564146436,25.8445102611849,0.188006251546425,6.0318353
