Algorithm,MSE,PSNR,SSIM,TIME
"before-denoising",452.062592141228,25.1068033217534,0.194080025468138,0
"BM3D",2003.27807079137,26.3661453666756,0.195745745538092,5.9529464
