Algorithm,MSE,PSNR,SSIM,TIME
"before-denoising",449.62710915978,25.1681274095445,0.190933261467755,0
"BM3D",1701.52313013839,26.581234583124,0.202773740530304,6.0172614
