Algorithm,MSE,PSNR,SSIM,TIME
"before-denoising",447.666108438791,25.1637144896442,0.191570634076868,0
"BM3D",1442.74685038417,26.6250530813765,0.211491541411385,5.9950423
